,geography-state_name,plot_details-polygon
0,southwest,4.1795436 43.8963726 475.2 2.001; 4.1801107 43.8964003 485.3 3.994; 4.1801412 43.8967554 494.00000000000006 3.0; 4.1807561 43.8968158 492.2 3.0; 4.180878 43.8963101 491.2 3.0; 4.1807155 43.8959833 490.3 3.0; 4.180374 43.8954115 493.09999999999997 3.035; 4.179633 43.8951156 489.2 3.0; 4.1794735 43.8951624 497.7 3.0; 4.1792878 43.8953585 492.09999999999997 3.0; 4.1791547 43.8954199 494.59999999999997 3.0; 4.1789942 43.8956116 492.00000000000006 3.0; 4.1787667 43.8958376 496.3 3.0; 4.178722 43.8960777 499.59999999999997 3.0; 4.1789415 43.8962163 499.2 3.0; 4.1795436 43.8963726 475.2 2.001
1,southwest,3.8032662 43.2599455 354.9967041015625 4.422; 3.8032873 43.2599473 353.01190185546875 4.054; 3.80329 43.2599451 353.01190185546875 3.893; 3.8032838 43.259928 352.6593017578125 5.314; 3.8032662 43.2599455 354.9967041015625 4.422
2,jubaland.,2.3383528 42.2843823 71.80000305175781 56.1;2.3384602 42.2843619 71.80000305175781 20.509;2.338441 42.2843687 71.80000305175781 23.292;2.3384576 42.2843632 71.80000305175781 10.146;2.3383528 42.2843823 71.80000305175781 56.1
3,jubaland.,2.2952842 42.2544324 64.12939453125 3.216; 2.2942334 42.2551254 65.843505859375 3.216; 2.2961085 42.2573668 64.55706787109375 3.216; 2.2966629 42.2567731 68.50775146484375 3.216; 2.2952842 42.2544324 64.12939453125 3.216
4,jubaland.,2.3819724 42.3140109 78.026123046875 3.79;2.3825438 42.3145703 74.7391357421875 6.041;2.3812963 42.3155069 70.05419921875 5.284;2.3808331 42.3150588 70.08447265625 3.79;2.3819724 42.3140109 78.026123046875 3.79
5,jubaland.,2.3993763 42.3345803 73.785888671875 3.79;2.3989322 42.3337857 76.79150390625 5.1;2.3973455 42.3345816 73.5838623046875 8.286;2.3993763 42.3345803 73.785888671875 3.79
6,jubaland.,2.3142527 42.263926 73.3662109375 4.014;2.3147918 42.2622021 70.55926513671875 8.348;2.3169107 42.2630112 105.7132568359375 9.058;2.316475 42.2648814 73.82733154296875 3.79;2.3142527 42.263926 73.3662109375 4.014
7,jubaland.,2.338481 42.2842712 71.5999984741211 6.52;2.33848 42.2843202 71.5999984741211 11.946;2.3384695 42.2842836 71.5999984741211 4.043;2.338481 42.2842712 71.5999984741211 6.52
8,southwest,4.8409833 43.7004244 473.7 1.7;4.8427297 43.6997548 462.40000000000003 2.05;4.8427217 43.6997533 462.1 1.899;4.8427217 43.6997533 462.1 1.25;4.8441545 43.7025398 468.5 1.6;4.8428669 43.7025075 463.90000000000003 3.265;4.8409833 43.7004244 473.7 1.7
9,jubaland.,2.3280496 42.2731773 72.44256591796875 4.297;2.3290902 42.2716145 71.14019775390625 4.293;2.3294455 42.2715516 73.885986328125 3.79;2.3293036 42.2709678 70.1915283203125 4.445;2.3280496 42.2731773 72.44256591796875 4.297
10,jubaland.,2.3384263 42.2843865 71.80000305175781 20.4; 2.3384254 42.2843864 71.80000305175781 21.601; 2.3384224 42.2843864 71.69999694824219 12.939; 2.3384245 42.2843861 71.80000305175781 7.886; 2.3384272 42.2843836 71.80000305175781 5.228; 2.3384263 42.2843865 71.80000305175781 20.4
11,jubaland.,2.3691896 42.2982767 86.9410400390625 7.193;2.3695008 42.2968961 83.08685302734375 12.85;2.3710704 42.2970254 81.5863037109375 6.29;2.370594 42.2986572 79.434326171875 7.524;2.3691896 42.2982767 86.9410400390625 7.193
12,puntland,7.2893551 48.3187716 313.0 7.0; 7.2893786 48.3178419 305.0 3.521; 7.2895673 48.3178726 308.0 3.328; 7.2893551 48.3187716 313.0 7.0
13,puntland,7.039027 47.7684938 280.0 3.334; 7.038411 47.7669904 283.0 1.5; 7.0367555 47.7715493 281.0 1.5; 7.0242049 47.7520424 286.0 2.0; 7.0242041 47.7520441 286.0 2.0; 7.039027 47.7684938 280.0 3.334
14,puntland,7.1496232 48.1492397 255.0 3.5; 7.1491413 48.1495998 252.0 3.446; 7.1494305 48.1512259 250.0 3.294; 7.1496232 48.1492397 255.0 3.5
15,puntland,7.2885134 48.326266 301.0 3.623; 7.2878514 48.3251193 296.0 3.418; 7.2869007 48.3247811 296.0 3.565; 7.2869113 48.3247877 296.0 3.055; 7.2885134 48.326266 301.0 3.623
16,southwest,4.6377401 43.3781383 376.0 1.3; 4.6383086 43.3785518 375.7 1.433; 4.6385259 43.3770692 375.59999999999997 1.466; 4.637521 43.3765875 377.1 1.433; 4.6373245 43.3778004 374.40000000000003 1.4; 4.6376993 43.3781231 376.40000000000003 1.5; 4.6377401 43.3781383 376.0 1.3
17,southwestâ€¦,-1.234977123733409 36.82067569345236 0.0 0.0;-1.2343120903293194 36.81837972253561 0.0 0.0;-1.235714 36.8188806 0.0 0.0;-1.234977123733409 36.82067569345236 0.0 0.0
18,southwest,-1.2255489 36.8286062 0.0 0.0;-1.2249355709473733 36.8289989233017 0.0 0.0;-1.2250388123937626 36.828433983027935 0.0 0.0;-1.2255489 36.8286062 0.0 0.0
19,southwest,-1.2358263 36.8188806 0.0 0.0;-1.2355613742126943 36.819433495402336 0.0 0.0;-1.2352536622723291 36.81898958981037 0.0 0.0;-1.2358263 36.8188806 0.0 0.0
20,southwest..,3.1963233 43.5414233 459.2 5.3; 3.1964503 43.5416194 460.1 3.338; 3.1966304 43.5418511 461.4 3.538; 3.1967687 43.5421002 461.5 3.565; 3.1970427 43.5423732 459.2 3.523; 3.1972458 43.5425623 460.9 3.361; 3.1974669 43.5427658 459.6 3.605; 3.1977029 43.5429486 462.3 3.667; 3.1979353 43.5430789 462.9 3.382; 3.1981752 43.5432263 463.9 3.549; 3.1984271 43.5433227 461.9 3.0; 3.1987034 43.5433015 460.8 3.0; 3.1988987 43.5432591 461.2 3.239; 3.1988849 43.5430838 461.4 3.0; 3.1986038 43.5429737 463.4 3.62; 3.198412 43.542736 461.3 3.779; 3.1981345 43.542683 461.2 3.514; 3.1978632 43.5426173 462.8 3.0; 3.1976574 43.542444 463.1 3.504; 3.1974289 43.5422748 462.1 3.381; 3.1973023 43.5420282 463.7 3.525; 3.1971979 43.5419137 462.2 3.0; 3.1970142 43.5417013 463.0 3.804; 3.1968634 43.541485 462.2 3.598; 3.1967457 43.5412751 461.2 3.577; 3.1965341 43.5413132 460.3 3.0; 3.1963167 43.5413322 459.7 3.52; 3.1963807 43.5415403 461.4 3.0; 3.1963233 43.5414233 459.2 5.3
21,southwest..,3.1818117 43.4386366 449.6 2.733; 3.1816925 43.4387955 445.7 3.0; 3.1816681 43.4390141 447.5 3.0; 3.1817287 43.4392442 448.3 3.0; 3.1817295 43.4394976 447.8 3.0; 3.1818569 43.4396915 447.2 3.0; 3.1818496 43.4399467 447.2 3.0; 3.1819386 43.4401707 447.8 3.079; 3.1821744 43.4402131 448.8 3.133; 3.1824188 43.4402085 448.0 3.0; 3.1824565 43.4402148 450.0 3.0; 3.1824567 43.440215 450.0 1.2; 3.18246 43.4402097 450.5 1.233; 3.1825658 43.4401537 447.7 3.0; 3.182582 43.4399429 447.6 3.0; 3.1826061 43.4397204 448.40000000000003 3.0; 3.1826662 43.4394979 448.3 3.0; 3.1827439 43.4392905 448.6 3.0; 3.1827055 43.4391181 448.8 3.0; 3.1826273 43.4388681 447.0 3.0; 3.1825492 43.4386232 448.6 3.0; 3.1825044 43.4384919 449.0 3.0; 3.1823773 43.4383201 447.40000000000003 3.0; 3.1823871 43.4380776 448.6 3.0; 3.182192 43.4379408 447.90000000000003 3.131; 3.1820485 43.437936 447.3 3.639; 3.1819092 43.4381645 448.0 3.446; 3.1817851 43.4383725 448.40000000000003 3.0; 3.1816793 43.4386099 448.3 3.129; 3.1818117 43.4386366 449.6 2.733
22,southwest..,3.2037556 43.4777385 450.9 3.133; 3.2035388 43.4776426 452.4 3.589; 3.2032761 43.4775208 453.2 3.0; 3.2030357 43.4773961 451.09999999999997 3.61; 3.2028057 43.4772539 452.2 3.587; 3.2026815 43.4775041 453.2 3.702; 3.2025716 43.4777385 453.09999999999997 3.454; 3.2025634 43.4779617 453.09999999999997 3.0; 3.2025752 43.4780982 453.9 3.0; 3.2027598 43.4780826 453.8 3.0; 3.2029963 43.4781353 454.9 3.211; 3.203253 43.4782344 454.2 3.427; 3.203487 43.478364 454.3 3.381; 3.203735 43.4784945 454.0 3.154; 3.203973 43.4785961 454.7 3.0; 3.2041673 43.4787105 453.7 3.0; 3.2043373 43.478696 448.8 3.0; 3.2042667 43.4785718 450.7 3.0; 3.2042653 43.4783837 452.09999999999997 3.0; 3.2042604 43.4781592 450.8 3.0; 3.2041284 43.4779217 452.8 3.194; 3.2038768 43.4778198 455.09999999999997 3.577; 3.2037556 43.4777385 450.9 3.133
23,southwest..,3.2051914 43.4781403 454.09999999999997 3.0; 3.2051616 43.4782975 454.8 3.0; 3.2051761 43.4785398 454.5 3.582; 3.2051942 43.4787393 455.3 3.0; 3.2053875 43.478881 455.0 3.0; 3.2056256 43.478862 453.9 3.0; 3.2058596 43.4789053 451.5 3.22; 3.206118 43.478921 451.9 3.765; 3.2063263 43.478849 452.5 3.0; 3.2062094 43.478605 452.3 3.508; 3.2060887 43.4783651 452.9 3.541; 3.205997 43.4781142 453.8 3.637; 3.205765 43.4780879 454.4 3.0; 3.205521 43.478126 452.8 3.0; 3.205284 43.4780888 453.7 3.0; 3.2051914 43.4781403 454.09999999999997 3.0
24,southwest..,3.187854 43.4568495 447.59999999999997 1.5; 3.1878579 43.4568516 448.59999999999997 1.316; 3.1878568 43.4568546 448.59999999999997 1.216; 3.1878210740015485 43.45690369606018 0.0 0.0; 3.1878589015783585 43.45692280679941 0.0 0.0; 3.1877738732179197 43.4568751975894 0.0 0.0; 3.1878210740015485 43.45690369606018 0.0 0.0; 3.187810361767164 43.456857427954674 0.0 0.0; 3.1877738732179197 43.4568751975894 0.0 0.0; 3.1877290157336136 43.456854075193405 0.0 0.0; 3.1877738732179197 43.4568751975894 0.0 0.0; 3.187854 43.4568495 447.59999999999997 1.5
25,southwest..,3.1870065 43.4571934 372.8 2.812; 3.1870086 43.4571933 374.0 1.883; 3.1870217 43.4571982 375.3 1.716; 3.1870381 43.4571958 376.8 1.65; 3.187078916748798 43.457266464829445 0.0 0.0; 3.1870381 43.4571958 0.0 0.0; 3.1870065 43.4571934 0.0 0.0; 3.1869520436240566 43.45722354948521 0.0 0.0; 3.1868867658888593 43.45722187310457 0.0 0.0; 3.1868797359786667 43.45716957002878 0.0 0.0; 3.1869520436240566 43.45722354948521 0.0 0.0; 3.1868867658888593 43.45722187310457 0.0 0.0; 3.1870065 43.4571934 372.8 2.812
26,southwest..,3.1889755 43.4848648 449.5 1.733; 3.189066 43.4846704 452.40000000000003 3.436; 3.1891855 43.4844066 453.0 3.581; 3.1893231 43.4841672 451.6 3.541; 3.1893189 43.4840198 455.1 3.011; 3.1890652 43.4839033 452.20000000000005 3.549; 3.1888117 43.4838091 452.6 3.554; 3.1885851 43.4836815 451.90000000000003 3.029; 3.1883471 43.4835523 450.3 3.0; 3.188108 43.4834123 452.0 3.496; 3.1878942 43.4832809 452.3 3.469; 3.1877659 43.4834729 450.5 3.6; 3.1876571 43.4836647 450.3 3.164; 3.1876624 43.4838743 449.90000000000003 3.0; 3.1878128 43.4841186 450.6 3.654; 3.1879545 43.4843857 450.90000000000003 3.463; 3.188072 43.4846417 450.90000000000003 3.556; 3.1882613 43.484832 453.8 3.0; 3.1885509 43.4848467 452.6 3.424; 3.1888188 43.4848774 451.0 3.0; 3.1889755 43.4848648 449.5 1.733
27,southwest..,3.1267365 43.6642623 0.0 0.0; 3.1267367 43.6642435 0.0 0.0; 3.1267365 43.6642623 0.0 0.0; 3.1267367 43.6642435 0.0 0.0; 3.1267365 43.6642623 0.0 0.0
28,southwest..,3.2010609 43.5447788 464.0235595703125 4.3; 3.2011064 43.5445666 464.4776899202732 6.866; 3.201041 43.5442427 463.6027151685762 8.224; 3.2013302 43.5439826 464.0141166914351 8.133; 3.2015867 43.5439901 462.38774074779974 7.741; 3.2018271 43.544037 463.7767792038079 6.574; 3.2031787 43.5439361 463.77212843559676 6.141; 3.2032493 43.5441425 464.6890204946112 7.667; 3.2032228 43.5443819 465.1696105518197 7.098; 3.2030296 43.5443418 465.3765706318112 6.501; 3.202737 43.5444545 464.91630745507405 5.476; 3.2027008 43.5444603 464.9273261931014 6.948; 3.2019974 43.5445556 465.87684197767953 6.069; 3.2016807 43.5446525 465.3151947666199 4.338; 3.201493 43.5448264 466.36848381232846 5.296; 3.2010609 43.5447788 464.0235595703125 4.3
29,southwest..,3.1871643 43.4405875 414.3421630859375 5.681; 3.1872013 43.4404681 445.65400806333815 7.188; 3.1881127 43.4383405 446.9660983349708 7.404; 3.1880873 43.4382784 448.52890422261373 6.006; 3.1877752 43.4382582 449.9475520450354 4.088; 3.1874943 43.4382147 449.80279453389846 4.876; 3.1870471 43.4382569 449.8598946358748 5.398; 3.186879 43.4383773 450.2871157271069 6.524; 3.1865936 43.4384195 449.44025802797404 4.937; 3.1863457 43.4384511 449.4759234103539 5.01; 3.1861856 43.4382452 448.7911728102627 4.528; 3.1856958 43.4381797 448.00671881675277 5.029; 3.1854869 43.4381559 448.4669830704553 7.08; 3.185176 43.4383086 448.250033940393 4.561; 3.1851356 43.4385807 448.3178190614899 4.889; 3.1850624 43.439242 448.27907704150226 8.129; 3.1850646 43.4395194 448.5026062828369 5.199; 3.185047 43.4399347 449.07403143453627 6.394; 3.1851788 43.4400753 449.1819955230931 5.386; 3.1871643 43.4405875 414.3421630859375 5.681
30,southwest..,3.2076533 43.4803706 455.10917015870393 4.304; 3.207643 43.4803017 454.86690697312633 5.819; 3.207643 43.4801408 455.47102465841857 4.167; 3.207615 43.4798947 455.0543526463064 5.488; 3.2075739 43.479647 454.99953548331905 4.703; 3.2075605 43.4794285 455.29792035909423 4.431; 3.2075112 43.4792598 455.94355171330324 4.767; 3.2073425 43.479241 455.2663312012468 4.372; 3.2071344 43.4792927 455.3878204147065 5.589; 3.2068805 43.4793515 455.3878204147065 4.678; 3.206731 43.479382 455.43817373238926 8.031; 3.2065185 43.4795748 455.3869279451411 6.587; 3.206324 43.479649 455.2860650981625 7.772; 3.2061268 43.4795679 455.22117715271565 4.718; 3.2060159 43.4797475 455.47879480671213 4.808; 3.2059768 43.4798418 454.9339443728846 6.706; 3.2061159 43.4800855 455.4224907833737 4.809; 3.2062281 43.4802081 455.8593227826382 6.683; 3.2071289 43.4805205 456.6428411007792 5.311; 3.2073803 43.4804587 456.3454523904762 3.715; 3.2076533 43.4803706 455.10917015870393 4.304
31,southwest..,3.2085293 43.4808471 465.738525390625 4.505; 3.2085325 43.4809041 456.1245977442974 7.35; 3.2086412 43.4811158 455.9974114357411 5.601; 3.2087012 43.4813639 455.58500078581983 5.376; 3.2087895 43.48155 455.49368306682135 4.441; 3.2088487 43.4818113 455.39281193855135 4.437; 3.2088975 43.4819992 454.8542970951068 4.697; 3.208772 43.4820713 455.2644899610526 4.54; 3.2085526 43.4820062 455.32702705752683 4.742; 3.2083524 43.481978 455.0474008223484 4.643; 3.2082007 43.4819356 454.87417200641244 4.549; 3.2080183 43.4819942 455.4293114100796 5.817; 3.2079538 43.4819435 455.14063929398634 7.147; 3.2079366 43.481683 455.19984438109196 4.498; 3.2078968 43.4814877 455.06970151455585 4.708; 3.207845 43.4813217 455.26064500189096 4.42; 3.2077457 43.4811364 455.5259613560401 4.393; 3.207689 43.4809597 455.05453711973155 4.695; 3.2085293 43.4808471 465.738525390625 4.505
32,southwest..,3.1876384 43.4574681 455.83057777052124 4.837; 3.1876287 43.4574489 454.8374078132259 3.078; 3.1876438 43.4574416 454.3993367687182 4.29; 3.1877081 43.4582283 455.4943802380948 8.184; 3.1877526 43.4584199 455.3753278203877 7.174; 3.1877843 43.4585113 455.0336124423826 7.108; 3.1877523 43.4586226 455.240844664224 6.939; 3.1877675 43.4586185 454.73395427671585 4.644; 3.1877807 43.4586162 454.48659307786045 3.954; 3.1878608 43.4586335 453.96675413581136 6.282; 3.1879614 43.4586722 454.1559140430476 4.705; 3.188141 43.4587445 454.469592792918 4.903; 3.1882654 43.4588062 454.3256610260107 4.376; 3.1883471 43.4588296 454.380774403326 9.368; 3.1882247 43.4576496 456.2738156310778 4.186; 3.1882048 43.4576328 456.32232871576343 7.401; 3.1876384 43.4574681 455.83057777052124 4.837
33,southwest..,3.1871101 43.4559297 453.0520870457465 3.0; 3.1871063 43.4559075 452.63371649330577 3.246; 3.1871693 43.4558065 452.1277037536619 6.424; 3.1872294 43.4557221 452.334799431285 8.374; 3.1873029 43.4556125 452.2070164026668 7.416; 3.1873645 43.4555228 452.2806702656479 3.97; 3.1879321 43.4545038 453.44967674190013 6.632; 3.1879266 43.4544921 453.4484259359425 5.083; 3.1879315 43.4544801 453.35966052189644 4.117; 3.1878525 43.4543916 453.2689477669089 4.721; 3.1877412 43.4542795 452.8913853364022 4.139; 3.1877457 43.4542788 452.83037158941045 3.835; 3.1876623 43.4541433 452.98020993546766 4.15; 3.1875974 43.4540708 452.74179220098995 4.716; 3.1876075 43.4539019 452.1340818348524 4.71; 3.1876083 43.4537867 452.01525570991055 5.158; 3.1875905 43.453763 452.0108487844201 6.577; 3.1868526 43.4555942 453.04653837073784 5.54; 3.1868357 43.4556702 453.12807667693653 6.762; 3.1871101 43.4559297 453.0520870457465 3.0
34,southwest..,3.1805586 43.4761508 453.09365306692735 6.268; 3.1806209 43.4758074 452.1949449629067 8.327; 3.1805951 43.475115 454.14551384502636 5.332; 3.180492 43.4748768 452.9869362907865 5.049; 3.1803672 43.4749408 453.88537820164424 5.032; 3.1802555 43.4751237 453.9271905304863 4.608; 3.1801114 43.4752609 453.95405680400177 5.469; 3.1797996 43.4753625 454.1495249863284 6.476; 3.1795582 43.4754283 454.2643513936598 5.228; 3.179518 43.4756999 453.3874426383916 8.372; 3.1797295 43.4757914 454.2111460643782 9.393; 3.1799585 43.4756947 453.9048263876027 7.172; 3.1798233 43.4759627 454.14688057510386 5.056; 3.1799598 43.4761709 455.0712461796244 5.196; 3.180189 43.4763381 453.61687966751424 6.846; 3.1805586 43.4761508 453.09365306692735 6.268
35,southwest..,3.1800701 43.4774617 448.7030029296875 6.463; 3.1799404 43.4775775 452.47535661994334 6.599; 3.1798489 43.4778827 452.8841921612493 6.779; 3.1797895 43.4780039 453.16392696419985 6.357; 3.1795734 43.4781357 450.08391231873577 4.331; 3.1793566 43.4783278 450.46786416509235 4.889; 3.1791609 43.4784766 450.60866463835 5.213; 3.1789918 43.4783353 451.88351216699675 4.613; 3.1788336 43.4781587 451.8237668324314 4.878; 3.1786683 43.4779703 451.54690324266267 4.355; 3.1788037 43.4776397 451.3137047853942 5.89; 3.1789164 43.4774066 451.45841086488804 7.593; 3.1790668 43.4769582 452.3957101403229 7.036; 3.179186 43.4767494 452.29229684321444 4.447; 3.1800289 43.4766989 452.09867529027395 5.777; 3.1800701 43.4774617 448.7030029296875 6.463
36,southwest.,2.1976214358565707 45.16190383583307 0.0 0.0; 2.1970274283740157 45.16144618391991 0.0 0.0; 2.1971192265001336 45.16219988465309 0.0 0.0; 2.1967788363399556 45.16189880669117 0.0 0.0; 2.1976214358565707 45.16190383583307 0.0 0.0
37,southwest.,2.193684163580676 45.18220614641905 0.0 0.0; 2.1934107787353936 45.18185779452324 0.0 0.0; 2.1931484498479046 45.18210656940937 0.0 0.0; 2.193684163580676 45.18220614641905 0.0 0.0
38,southwest.,2.2231910051498636 45.21279204636812 0.0 0.0; 2.2286267556931394 45.21260965615511 0.0 0.0; 2.2280016035231744 45.20961597561836 0.0 0.0; 2.2232412587135113 45.21050646901131 0.0 0.0; 2.2231910051498636 45.21279204636812 0.0 0.0
39,southwest.,2.2318268874010605 45.21801095455885 0.0 0.0; 2.2342179360374175 45.22032871842384 0.0 0.0; 2.2320681030767497 45.22213116288185 0.0 0.0; 2.230599367016129 45.21977048367262 0.0 0.0; 2.2318268874010605 45.21801095455885 0.0 0.0
40,southwest..,3.1970615 43.5435134 475.1 5.0;3.1972054 43.5435521 464.7 3.0;3.1974498 43.5434862 459.7 3.0;3.1976814 43.5434671 462.6 3.0;3.1979125 43.5434377 461.0 3.0;3.1981278 43.5433791 459.0 3.0;3.1982117 43.5432576 465.0 3.0;3.1982685 43.5432523 470.5 3.0;3.1984824 43.5432715 462.1 3.0;3.1986509 43.5431486 460.3 3.0;3.1985371 43.5429091 464.1 3.412;3.1984408 43.5427641 462.8 3.0;3.1984637 43.542781 462.0 3.0;3.1984681 43.5427843 462.0 3.785;3.1986928 43.5432876 460.7 3.841;3.1984122 43.5433332 457.2 3.048;3.1981805 43.5432286 459.6 3.46;3.1979254 43.5431125 462.6 3.566;3.1976862 43.5429671 464.2 3.283;3.1974568 43.5428217 463.5 3.0;3.1974395 43.5427952 464.8 3.0;3.197364 43.5427572 463.7 1.533;3.1970845 43.5428003 459.9 2.895;3.1969259 43.5429536 463.5 3.0;3.1969782 43.5431884 466.8 3.0;3.1970173 43.5434383 465.1 3.0;3.1970615 43.5435134 475.1 5.0
41,southwest..,3.1961356 43.5416209 475.4 3.633;3.1959037 43.5417316 474.3 3.0;3.195842 43.5419625 464.9 3.0;3.1958434 43.5421836 463.5 3.0;3.1959931 43.5423886 462.0 3.0;3.1961556 43.5425179 459.8 3.0;3.196414 43.5425463 460.8 3.0;3.1965893 43.5425457 459.5 3.0;3.1966567 43.5425772 462.4 1.95;3.1968436 43.5425949 459.7 3.0;3.1971082 43.5426609 459.8 3.582;3.1971756 43.5425068 460.8 3.186;3.1970595 43.542403 460.3 3.0;3.1968523 43.5422337 460.9 3.0;3.1967998 43.5421801 460.3 3.0;3.1966843 43.5419685 459.6 3.0;3.1965516 43.5417431 461.3 3.437;3.1963694 43.541566 458.9 3.0;3.1961982 43.5415176 462.3 3.0;3.1961356 43.5416209 475.4 3.633
42,southwest.,2.1956751 45.18386 0.0 0.0; 2.1959047435359293 45.18394488841295 0.0 0.0; 2.1956751 45.18386 0.0 0.0; 2.195577419268817 45.18399719148874 0.0 0.0; 2.195548606689159 45.18377188593149 0.0 0.0; 2.195779777370761 45.18377456814051 0.0 0.0; 2.1959047435359293 45.18394488841295 0.0 0.0; 2.1956751 45.18386 0.0 0.0
43,southwest..,3.1398206 43.5825926 455.5743408203125 4.656; 3.1398262 43.5825515 459.634521484375 4.541; 3.1398941 43.5823298 459.6376556633051 4.344; 3.1400559 43.5821259 459.66838760203547 4.55; 3.1402225 43.5819275 459.07378294154046 4.851; 3.1403963 43.5818283 458.9694875281562 4.091; 3.1406164 43.5819486 459.01558552450047 4.936; 3.1408417 43.5820251 459.1253436532119 4.803; 3.1410419 43.5820851 458.9059609388822 4.271; 3.1410675 43.5822246 458.9227331555144 4.802; 3.1409275 43.582384 458.7295522414722 4.164; 3.1408626 43.5824016 459.15453951739613 4.213; 3.1407197 43.5829056 458.85248504832646 4.98; 3.1406003 43.5830206 458.4952120683446 4.481; 3.1404599 43.5831988 459.4957377076966 4.791; 3.1398206 43.5825926 455.5743408203125 4.656
44,southwest..,3.140302 43.5832617 459.93095210762226 3.326; 3.1402128 43.583315 459.7745371168579 5.589; 3.1400335 43.5835358 460.1463438329301 4.143; 3.1399909 43.58365 459.10713716702617 4.546; 3.1401789 43.5838663 459.9633504489495 4.964; 3.1402744 43.5841005 459.51703963662044 7.793; 3.1404055 43.5843284 459.48771116993277 6.37; 3.140527 43.5845287 459.1403808061774 4.114; 3.1407119 43.5844526 459.88704213128295 4.788; 3.1408548 43.5842397 459.77243727448376 7.353; 3.1410424 43.5839801 460.0886589858923 7.827; 3.1410337 43.5837861 460.48821008988136 8.357; 3.1408305 43.5836073 460.0268561064638 7.82; 3.1406227 43.5834015 460.7553241331318 7.725; 3.1404353 43.5832512 460.51500820186027 7.565; 3.140302 43.5832617 459.93095210762226 3.326
45,southwest..,3.1435466 43.5615917 456.3 3.98;3.1435821 43.5615209 453.3 3.0;3.1434657 43.5613484 451.5 3.0;3.1432216 43.5613484 453.1 3.0;3.1429966 43.5614166 453.3 3.0;3.1427599 43.5614079 453.6 3.0;3.1425266 43.5613937 454.6 3.0;3.1423181 43.5614916 456.0 3.0;3.1422734 43.5617173 456.5 3.0;3.1424185 43.5618984 455.40000000000003 3.0;3.1426213 43.5620387 456.3 3.0;3.1428344 43.56213 456.8 3.0;3.1430843 43.56203 457.5 3.0;3.1433074 43.5619374 454.1 3.0;3.1434934 43.5618047 453.1 3.0;3.1435466 43.5615917 456.3 3.98
46,southwest..,3.1362078 43.582686 466.5 2.457;3.1362497 43.5826264 464.59999999999997 1.747;3.1364514 43.5824241 463.0 5.388;3.1366295 43.5825662 464.59999999999997 3.233;3.1368679 43.5825943 459.9 3.0;3.1370394 43.5824482 458.59999999999997 3.0;3.1372508 43.5825179 458.59999999999997 3.0;3.1372203 43.5826633 459.4 3.0;3.1370566 43.5827188 462.7 3.005;3.1368733 43.5828968 459.9 3.0;3.1367175 43.583086 459.59999999999997 3.0;3.1365568 43.5832695 458.3 3.0;3.1363535 43.5834364 457.09999999999997 3.0;3.1361453 43.5833757 454.9 3.0;3.1360256 43.5832352 458.9 3.0;3.1361074 43.5830539 457.9 3.0;3.1361975 43.5828655 457.59999999999997 3.0;3.1362078 43.582686 466.5 2.457
47,jubaland,-0.1171171 42.5669545 -27.0 5.75;-0.1171039 42.5668757 -31.0 3.478;-0.1172411 42.5668734 -29.0 3.628;-0.1172347 42.5669372 -29.0 3.907;-0.1171171 42.5669545 -27.0 5.75
48,southwest.,2.6642917338898333 44.794008024036884 0.0 0.0; 2.664311158884645 44.79392923414707 0.0 0.0; 2.6642672851890175 44.79391850531101 0.0 0.0; 2.6642414968328447 44.79397114366293 0.0 0.0; 2.6642917338898333 44.794008024036884 0.0 0.0
49,southwest.,2.6292233 44.8378133 0.0 0.0; 2.62918993490947 44.83784068375826 0.0 0.0; 2.6292234272281814 44.837878569960594 0.0 0.0; 2.6292652926252886 44.83785208314657 0.0 0.0; 2.6292233 44.8378133 0.0 0.0
50,southwest.,2.6838833 44.8642117 0.0 0.0; 2.683831783747928 44.8642198741436 0.0 0.0; 2.6838565669671954 44.864292964339256 0.0 0.0; 2.6839346006137776 44.86427787691355 0.0 0.0; 2.6838833 44.8642117 0.0 0.0
51,galmudug.,5.2954603 45.8180613 312.720947265625 3.79; 5.2954482 45.8183628 313.12016232110125 91.453; 5.2976352 45.8181621 313.6312469980781 97.478; 5.298117 45.8176683 314.41565419587636 171.968; 5.2954603 45.8180613 312.720947265625 3.79
52,galmudug.,5.2955384 45.8180659 309.35150146484375 4.924; 5.2955387 45.8182138 250.90594482421875 15.613; 5.298169 45.8180403 308.1160888671875 7.354; 5.2981338 45.817592 312.88177490234375 4208.155; 5.2955384 45.8180659 309.35150146484375 4.924
53,southwest.,2.181798912401474 45.15634328126907 0.0 0.0; 2.1817808206154803 45.155520513653755 0.0 0.0; 2.1812846365480514 45.15552520751953 0.0 0.0; 2.1811613443303632 45.15622157603502 0.0 0.0; 2.181798912401474 45.15634328126907 0.0 0.0
54,galmudug.,5.308337 45.8855996 263.6000061035156 41.025; 5.3083353 45.8855896 263.6000061035156 262.779; 5.3083348 45.8855891 263.6000061035156 64.428; 5.3083286 45.8855982 263.6000061035156 9.92; 5.308337 45.8855996 263.6000061035156 41.025
55,galmudug.,5.0790517 45.9597134 235.81044885779878 3.685; 5.0814606 45.9600402 239.06940657030162 3.79; 5.0814586 45.9597967 239.292613653658 202.316; 5.0786879 45.9583859 237.4433925724233 3.986; 5.0790517 45.9597134 235.81044885779878 3.685
56,southwest.,2.1841533 45.1496425 0.0 0.0; 2.184036596623977 45.15439432114363 0.0 0.0; 2.179558209547359 45.15328019857406 0.0 0.0; 2.1799009488513703 45.14944463968277 0.0 0.0; 2.1841533 45.1496425 0.0 0.0
57,southwest.,2.2208210451452297 45.148800574243076 0.0 0.0; 2.220713837364983 45.142704583704464 0.0 0.0; 2.216706605977781 45.14250073581933 0.0 0.0; 2.2160961898769744 45.14720432460308 0.0 0.0; 2.2208210451452297 45.148800574243076 0.0 0.0
58,galmudug.,5.081489 45.9600912 237.53167724609375 3.519; 5.0814256 45.9581836 240.5045166015625 4.423; 5.0811735 45.9581834 234.43341064453125 318.587; 5.0786534 45.9588085 233.4659423828125 181.008; 5.081489 45.9600912 237.53167724609375 3.519
59,galmudug.,5.0790001 45.9596983 231.3419189453125 3.79; 5.0815032 45.9600711 229.4388427734375 4.683; 5.0814627 45.9581657 236.07550048828125 3.79; 5.0786637 45.9584188 235.123291015625 4.942; 5.0790001 45.9596983 231.3419189453125 3.79
60,galmudug.,5.0789805 45.9596918 229.1 1.3; 5.081395 45.9601549 227.1 1.7; 5.0814249 45.9581846 230.29999999999998 2.285; 5.0786536 45.9584156 232.79999999999998 1.533; 5.0789805 45.9596918 229.1 1.3
61,puntland,7.0074261 47.8082031 257.0 3.207; 7.0087121 47.8076322 262.0 3.471; 7.0075486 47.8056746 266.0 3.706; 7.0074261 47.8082031 257.0 3.207
62,jubaland.,3.9889947 41.9591883 181.9 1.416;3.9882106 41.9587246 177.5 1.75;3.9885283 41.9577649 173.7 1.683;3.9895117 41.9578967 174.9 12.3;3.9890465 41.959163 174.4 2.2;3.9889947 41.9591883 181.9 1.416
63,jubaland.,3.9775719 41.9608038 184.0 6.5;3.9776211 41.9611018 196.0 8.78;3.977217 41.9612196 187.0 6.502;3.9771021 41.9612441 191.0 5.031;3.9770634 41.9608864 186.0 18.752;3.977509 41.9607954 188.0 6.194;3.9775719 41.9608038 184.0 6.5
64,puntland,6.9996269 47.3692764 307.0 3.0;6.9990168 47.3678921 307.0 3.666;6.9979054 47.3682531 308.0 3.0;6.9979017 47.3682437 308.0 2.0;6.9979017 47.3682436 308.0 2.0;6.9996269 47.3692764 307.0 3.0
65,puntland,6.9979742 47.3751837 310.0 6.75; 6.9987352 47.3749507 303.0 3.341; 6.9986176 47.374653 305.0 3.495; 6.9979742 47.3751837 310.0 6.75
66,puntland,6.9377364 47.3220737 290.0 2.5; 6.9379262 47.3200637 289.0 3.877; 6.9425765 47.3195255 291.0 3.383; 6.9425708 47.3195226 291.0 2.25; 6.9429247 47.3209133 291.0 3.896; 6.9377364 47.3220737 290.0 2.5
67,jubaland.,3.9521014 41.9263937 185.0 9.0; 3.9526655 41.9264721 183.0 3.542; 3.9529149 41.9261809 184.0 7.291; 3.9524291 41.9260119 180.0 5.437; 3.9521014 41.9263937 185.0 9.0
68,jubaland.,3.940094 41.9226088 181.6 1.7;3.9400892 41.922948 186.0 3.075;3.9386692 41.9232886 186.8 5.104;3.9385092 41.9228767 186.8 8.292;3.9400676 41.9225361 186.5 2.8;3.9401162 41.9226143 186.20000000000002 1.4;3.940094 41.9226088 181.6 1.7
69,southwest,4.1281521 43.9034523 458.59999999999997 8.0; 4.1284004 43.903684 464.5 3.0; 4.1284664 43.9037875 464.5 3.0; 4.1288222 43.9037021 462.3 3.0; 4.1291707 43.903532 462.7 3.0; 4.1294076 43.9033673 461.2 3.0; 4.1296026 43.9032716 463.5 3.0; 4.1295813 43.9028099 461.8 3.0; 4.1298828 43.9027824 462.4 3.0; 4.1298106 43.9024623 461.7 3.538; 4.1296716 43.902448 462.8 3.186; 4.1294886 43.9023779 462.0 3.362; 4.1291134 43.9023673 463.9 3.454; 4.1290098 43.9026935 468.2 3.331; 4.1290637 43.9028919 464.8 3.146; 4.1287593 43.903021 463.5 3.449; 4.1287831 43.9031171 464.0 3.0; 4.1281521 43.9034523 458.59999999999997 8.0
70,southwest,4.1340896 43.8969761 469.09999999999997 1.666; 4.1342812 43.8968655 468.09999999999997 3.0; 4.1343819 43.8968899 467.7 2.514; 4.1345188 43.8968706 469.3 3.0; 4.134745 43.8976933 467.8 3.0; 4.1341608 43.8977061 466.59999999999997 3.0; 4.134216 43.8973334 466.7 3.024; 4.1341843 43.8972145 466.3 3.0; 4.1340749 43.8969889 467.0 3.212; 4.1340831 43.8969833 466.2 3.0; 4.1340896 43.8969761 469.09999999999997 1.666
71,southwest,3.817549 43.2404917 345.078857421875 3.79;3.8175443 43.2404925 345.57720947265625 4.002;3.8175567 43.2404711 347.4266357421875 10.162;3.8175765 43.2404814 346.014404296875 5.95;3.817549 43.2404917 345.078857421875 3.79
72,southwest,4.2776992 42.9088313 267.0 2.6; 4.2777442 42.9081516 269.5 1.371; 4.2771129 42.9080836 267.6 1.4; 4.2773018 42.9088917 270.0 1.4; 4.2776992 42.9088313 267.0 2.6
73,southwest,4.5543265 43.0408007 315.0 9.75; 4.5541182 43.0410511 330.0 3.721; 4.5553718 43.0420991 335.0 6.5; 4.5564881 43.0429455 336.0 6.5; 4.5566663 43.0429117 334.0 2.0; 4.5581915 43.0414944 336.0 3.482; 4.5579581 43.0399127 322.0 13.5; 4.5577847 43.0396011 334.0 4.609; 4.5558369 43.0376242 327.0 3.909; 4.5539581 43.0368002 327.0 3.914; 4.5542526 43.0387525 342.0 16.5; 4.5543219 43.0391122 323.0 3.38; 4.5543265 43.0408007 315.0 9.75
74,southwest,4.8044323 43.6837381 453.0 3.943;4.8048183 43.6834283 461.3 74.769;4.8054791 43.6846296 458.3 2.621;4.8049017 43.68468 450.2 37.141;4.8044323 43.6837381 453.0 3.943
75,,-1.2254314 36.8286509 0.0 0.0;-1.224205506320145 36.82926412671805 0.0 0.0;-1.224226959094387 36.828171126544476 0.0 0.0;-1.2254314 36.8286509 0.0 0.0
76,,-1.2357047 36.818713 1686.4000244140625 3.598;-1.2357968 36.8191073 1686.4000244140625 3.0;-1.2354086 36.8192078 1682.7537841796875 3.0;-1.2353064 36.8189983 1684.3568115234375 3.0;-1.2357047 36.818713 1686.4000244140625 3.598
77,,-1.2531917 36.8109275 0.0 0.0;-1.2543595560893464 36.80965147912502 0.0 0.0;-1.2547353105348114 36.81090205907822 0.0 0.0;-1.2543267069024298 36.81210368871689 0.0 0.0;-1.2531917 36.8109275 0.0 0.0
78,,-1.2254648 36.8286298 0.0 0.0;-1.2254663 36.828629 0.0 0.0;-1.2254648 36.8286298 0.0 0.0;-1.224098912845537 36.829030103981495 0.0 0.0;-1.2254663 36.828629 0.0 0.0;-1.225462 36.8286299 0.0 0.0;-1.2238344403383636 36.82765681296587 0.0 0.0;-1.2255861931128498 36.82744961231947 0.0 0.0;-1.2254648 36.8286298 0.0 0.0
